run,final_portfolio_value
1,798.3705389726226
2,541.6830885787415
